{
  "type": "panel",
  "name": "sankey-panel",
  "id": "ismael-sankey-panel",
  "info": {
    "description": "Sankey chart panel for grafana using d3",
    "author": {
      "name": "Ismael",
      "url": ""
    },
    "keywords": [
      "sankey",
      "d3",
      "grafana",
      "panel"
    ],
    "logos": {
      "small": "img/logo.svg",
      "large": "img/logo.svg"
    },
    "links": [
      {
        "name": "Website",
        "url": "https://github.com/grafana/simple-react-panel"
      },
      {
        "name": "License",
        "url": "https://github.com/grafana/simple-react-panel/blob/master/LICENSE"
      }
    ],
    "screenshots": [],
    "version": "1.0.0",
    "updated": "2020-11-30"
  },
  "dependencies": {
    "grafanaVersion": "7.0.x",
    "plugins": []
  }
}